<manifest><control namespace="Canvasify" constructor="Calendar" version="0.0.193" display-name-key="Calendar" description-key="Calendar description" control-type="standard" api-version="1.3.15"><external-service-usage enabled="false" /><property name="calendarData" display-name-key="Calendar Data" description-key="Calendar Data" of-type="Object" usage="input" required="true" /><property name="calendarDate" display-name-key="Calendar Date" description-key="Calendar Date" of-type="SingleLine.Text" usage="input" required="true" /><property name="dateTextColor" display-name-key="Date Text Color" description-key="Date Text Color" of-type="SingleLine.Text" usage="input" required="true" /><property name="dateBackgroundColor" display-name-key="Date Background Color" description-key="Date Background Color" of-type="SingleLine.Text" usage="input" required="true" /><property name="updatedData" display-name-key="Updated Data" description-key="CalUpdatedendar Date" of-type="SingleLine.Text" usage="output" required="true" /><resources><code path="bundle.js" order="1" /></resources><built-by name="pac" version="1.35.1" /><subscribed-functionalities><subscribed-functionality name="sharedTemplate" value="false" /></subscribed-functionalities></control></manifest>